{
  "layers": [
    "outdoor_text_labels",
    "outdoor_above_main",
    "outdoor_main",
    "outdoor_pathway",
    "indoor_text_labels",
    "indoor_above_main",
    "indoor_main",
    "indoor_pathway",
    "indoor_boundary",
    "outdoor_base"
  ],
  "styles": [
    "defaultstyle/style.mss",
    "zooms.mss",
    "palette.mss",
    "indoors.mss",
    "outdoors.mss"
  ],
  "nutiparameters": {
    "use_3d": {
      "default": false
    },
    "selected_entity_id": {
      "default": "-1:-1:-1"
    },
    "lang": {
      "default": "en"
    },
    "fallback_lang": {
      "default": "en"
    },
    "hidden_id_regex": {
      "default": ""
    }
  }
}
